index,source,reference,seq2seq_output,transformer_output,seq2seq_fluency,seq2seq_faithfulness,seq2seq_hallucination,seq2seq_compression,transformer_fluency,transformer_faithfulness,transformer_hallucination,transformer_compression
521,"pep guardiola has denied claims of a dispute with former bayern munich club doctor hans-wilhelm muller-wohlfahrt, who quit the club on thursday after 'being blamed' for the defeat by porto. the 72-year-old, who had worked at bayern for almost 40 years, sensationally quit the bundesliga club, claiming 'the bond of trust is damaged', but guardiola has played down claims of a feud. 'the reaction is on me, i was disappointed,' he told reporters in the wake of a shock champions league quarter-final d",hans-wilhelm muller-wohlfahrt quit as bayern munich doctor this week . the 72-year-old had worked at the bundesliga club for nearly 40 years . he said the medical department had been blamed for porto defeat . pep guardiola has denied there was a dispute and has taken responsibility for bayern munich's champions league loss .,raheem sterling has been a for the premier league clash . he says he has been the for the . . the . he has a ' of the's side .,new: new: the new york's first-old's united's,,,,0.164,,,,0.037
737,"amanda knox may have finally cleared her name, but eight years of legal battles have left the seattle native penniless, exhausted and traumatized from stress, claims her biographer. 'in prison, she was threatened with rape from a male guard, it was a really terrible experience,' says trial by jury author, douglas preston. 'i think it has really affected her, it's really hard to lead a normal life after that.' scroll down for video . strain and relief: amanda knox spoke outside her parents' home ","amanda knox, 27, and her family have been left in financial difficulties by the fight to clear her name . biographer douglas preston claims the seattle native now suffers ptsd . claims that the knox family have used up the $4 million advance she got for autobiography . he says that despite being declared innocent last month the victory was bittersweet . in late march, knox, 27, and ex-boyfriend raffaele sollecito were acquitted of murder of meredith kercher in november 2007 . pair were convicted of murder in december 2009, before being acquitted in october 2011 and reconvicted in 2014 . spent a total of four years behind bars while they were in italy .","meriam ibrahim,,, she was her in the in the . . she was a to her in her and her . she . she her her to her her and she was ' . she's her to be her . .","new: the new york, a new york and a woman, a woman's wife, the family of the woman . she had been found in the man in the family .",,,,0.195,,,,0.143
740,washington (cnn)chief justice john roberts is back in the spotlight. roberts -- who shocked conservatives nearly three years ago by providing a pivotal vote to uphold obamacare -- once again faces a judicial crossroads in a historic case. the u.s. supreme court will hear oral arguments tuesday in a case that could decide whether gay and lesbian couples nationwide have the constitutional right to marry. the question at the core of obergefell v. hodges is one of the most consequential debates of t,john roberts is at judicial crossroads as high court to hear key same-sex marriage case . case could decide whether same-sex couples nationwide have constitutional right to marry . chief justice disappointed conservatives earlier when he helped uphold obamacare .,"new: obama's supreme court ruling for republicans in the u.s. supreme court . he says he will be a in the, but says he is the . . .","new: the new: ""i's. says . the new york: ""the-year-old's ""i"" the ""the ""the"" the u.s.s"" ""i says .",,,,0.136,,,,0.089
660,"eager customers have waited up to 10 hours overnight to get their hands on prizes including 21inch tvs at the opening of a new aldi store. the company gave away golden tickets to the first 100 people through the door when the store in avlaston, derbyshire, was officially opened at 8am this morning. more than 200 people were found queueing outside the store looking to get their hands on the deals when the ribbon was cut. more than 200 people were found queuing outside the new aldi store when it o","more than 200 people queued up to get their hands on aldi's spot prizes . the company issued golden tickets to first 100 customers through doors . it was to celebrate the launch of a new store in avlaston, derbyshire .",the was found in the of the in the . . . the . the the of a new york . the,new: the new york of the new: a year's first-old has been found in the world cup . the world of the first of a year of the world,,,,0.103,,,,0.136
411,"listeners say the last minutes of numerous shows have been left off versions on the iplayer service . it seems that the bbc has lost the plot with its radio dramas. frustrated listeners say the vital last minutes of numerous shows have been left off versions uploaded to the iplayer service. they branded the problem ‘irritating’, ‘annoying’ and ‘frustrating’ and said it was ruining their enjoyment of the programmes. shows such as dad’s army and hancock’s half hour have all fallen foul of the prob","iplayer listeners say the vital last minutes have been left off radio dramas . shows such as dad's army and hancock's half hour fallen foul of problem . bbc blames system it uses to record programmes, but it's not a new issue .",tesco's ' of the's most of the . . . the . the ' of 'the''' the ' .' .,new: the new york of the world's first-old has been found in the world cup . the world of the first-year-old is a year in the first time of a year .,,,,0.093,,,,0.149
678,"almost 50 people a year die of skin cancer after being exposed to the sun at work in the uk, research shows. it found nearly 250 cases of malignant melanoma are registered each year by those working outside in industries such as construction, agriculture and leisure. a separate study, also commissioned by the institution of occupational safety and health, found there was a 'macho culture' in some parts of the construction industry, with two thirds of workers who spent an average of nearly seven ",50 die each year as a result of being exposed to the sun at work in britain . 250 in jobs like agriculture and construction register skin cancer each year . institution of occupational safety and health says 'macho culture' to blame .,study found in the university of the of of the . . . the . of people were found in a decade of the,new: the new york of the first-old is a year . the first of the world's first-year-old was in the world . the world of a year and the world cup in the first,,,,0.107,,,,0.151
626,"andrea mcveigh, 44, has been left scarred for life after being knocked down by cyclist . a woman has been left scarred for life after being knocked down by a cyclist who was riding on the pavement. pedestrian andrea mcveigh was sent crashing face-first into the concrete after being hit from behind by the rider. the cyclist fled the scene, chased by the 44-year-old's husband after she was left sprawled in a pool of her own blood. the social media manager suffered two three-inch gashes to the midd","andrea mcveigh, 44, was knocked over from behind by speeding cyclist . left in a pool of her blood after crashing face-first into the pavement . she will be scarred for life after suffering two long gashes to forehead . police launch hunt for the mystery rider who did not stop at scene .","police,, 23, was found dead at the hospital in the . . she was found in a car, but she had been a . . the . was a to the and a ' . .","new: the man was found in the new york, a year . he was found on the man in a year in the man . he had been in the family of the man's family .",,,,0.17,,,,0.17
513,"jennifer is a huge fitness fan, and the mother of two has completed triathlons . we reveal how to get the enviable physiques of the stars. this week: jennifer lopez's arms. she's famous for her killer curves, but jennifer lopez's upper-body is as impeccably toned. a huge fitness fan, the mother of two has completed triathlons. she avoids sugar and salt and tries to get eight hours' sleep a night. she claims 'sometimes when i get home and i'm not feeling so great, i make myself go to the gym'. wh","fitness fan jennifer is famous for her curves, but her arms are also toned . the mother-of-two has completed triathlons. she avoids sugar and salt . try modified push-ups which activate the entire upper body .",kate moss has been diagnosed with a range of the . . . the brand . the . the the brand to be a to the the size .,new: the new: a new york-year-old is a 'the-old' with the new york . he was a 'i' with a new: 'i have been found in the first-old .,,,,0.141,,,,0.141
859,"a widow who was left £15million by a high-rolling gambler has launched a multi-million pound lawsuit against his family – claiming she is owed up to £385million more. ruanne dellal says her husband jack was worth at least £400million when he died and the £15million left to her was an ‘absurd presentation’ of his true wealth. the former beauty queen has launched a high court claim against his relatives, in which she claims the property tycoon must have given away vast chunks of his fortune in sec",jack dellal left his entire estate to wife ruanne but it was worth just £15.4m . she claims he was worth £750m and gave his fortune away to his children . mrs dellal has been given the right to sue her in-laws by high court judge . 'black jack' once gambled £1.7million away in a single night .,"harry kane, 31, was diagnosed with a year after being sold for his . . . he has been a to to his wife and his wife . he . he is a to his job for the . .",new: the new: 'i' and the man's 'i was a 'the-year-old' with a 'i,,,,0.19,,,,0.067
136,"bridget klecker, 42, died on friday after being struck by a vehicle fleeing the police in san francisco . a pedestrian was killed and another injured when they were struck by a car fleeing police during a wild chase through san francisco, and the suspects involved were still on the loose saturday. officers tried to stop the suspects' stolen car around 10pm on friday just moments after they committed the latest in a series of robberies while armed with handguns, police said. but the car sped off ","officers were trying to stop suspects in a stolen black toyota friday night after they allegedly committed a series of armed robberies . the car struck and killed bridget klecker, 42, in a crosswalk . car hit and injured a second pedestrian and struck a car before fleeing . car was found unattended later that night and three male suspects were still at large as of friday .","police say, police say the a man, a man was shot dead in the . . police say they had been charged with a woman's car . police . the police have been charged in a car and the a . .","new: the new york, a new york and the new: a woman's wife of the man's family . he had been found in the man in a year .",,,,0.194,,,,0.134
811,"v.stiviano, the alleged mistress of clippers owner donald sterling, who he showered with expensive gifts, has been ordered to pay his wife $2.6million. los angeles judge richard fruin jr. awarded shelly sterling most of the nearly $3million she had sought. lawyers for sterling had claimed that money used to buy v. stiviano a house, luxury cars and stocks was her community property the couple had acquired over six decades of marriage. stiviano's lawyer had argued that the gifts were made when don","shelly sterling has been awarded most of the nearly $3 million she had sought to be returned . her lawyers successfully argued that money used to buy v. stiviano a house, luxury cars and stocks was her community property . stiviano's lawyer had argued the gifts were made when donald and shelly sterling were separated . ruling comes nearly a year after stiviano's recording of donald sterling making racially offensive remarks that cost him ownership of the clippers . shelly had filed the suit about a month before the recording of donald telling stiviano not to associate with black people created an uproar .","harry kane, 31, was diagnosed with his girlfriend rocio oliva . . he was diagnosed for his job . he has been a to to the . . .","new: new: the new york's new: ""i's. says . he says he says she says he was 'i'",,,,0.136,,,,0.085
76,"watford dramatically clinched promotion to the premier league on saturday on a typically manic afternoon in the championship - and insist they're well-equipped to stay in the top flight. slavisa jokanovic's men beat brighton 2-0 at the amex stadium in the early kick-off and were hoping that middlesbrough lost plus norwich failing to win. both those results came in during a sensational final five minutes, with fulham beating aitor karanka's boro 4-3 in stoppage time after rotherham had equalised ",watford have sealed an automatic return to the premier league following their 2-0 win at brighton and middlesbrough's 4-3 loss at fulham . players celebrated wildly on the team-bus as the news came in . defender tommie hoban is confident that the team has what it takes to stay up next season and insists they already have a strong squad to build on .,gareth bale scored twice in the champions league on saturday . the . . the first goal of the the and the . the the world cup .,new: the world cup of the world's first-old is a year . the first-year-old has been in the first of a year in a year's united in the world .,,,,0.127,,,,0.136
636,"former valencia striker aritz aduriz denied his old team victory with a last-gasp equaliser for athletic bilbao at san mames stadium. aduriz pounced in the 90th minute to secure a 1-1 draw after valencia had been reduced to 10 men. nicolas otamendi had harshly received a straight red card eight minutes earlier for a high challenge, and valencia were unable to hold out in his absence. athletic bilbao aritz aduriz scored a 90th minute equaliser to deny his former club valencia victory . substitute",valencia were held to a 1-1 draw by athletic bilbao after aritz aduriz netted . getafe boosted survival chances with 1-0 win over strugglers elche . felipe caicedo scored a brace in espanyol's 3-0 defeat of villarreal .,gareth bale scored twice goals in the champions league table . the . . the scored twice in the bundesliga-trick . the champions . the,new: the world cup of the world's first-old's united in the first-year-old has been in a year . the first of a first of the first,,,,0.114,,,,0.118
973,both chelsea and the premier league are furious with the bbc for allowing it to be known that the premier league trophy was being displayed on the centre circle at stamford bridge on tuesday. there is great sensitivity at chelsea about not presuming their title success before they are crowned champions and manager jose mourinho has warned players and fans to concentrate on first beating crystal palace on sunday before celebrating. yet a 20-strong stadium tour group at chelsea clearly saw the pre,"chelsea agreed to request from bbc to film the trophy at stamford bridge . the blues agreed on understanding public could not see the trophy . however, a 20-strong stadium tour saw the silverware on the pitch . chelsea can win the premier league with victory over crystal palace .",manchester city has been linked to manchester united . manchester united has scored the premier league goals for manchester city's side . manchester city striker scored a real madrid .,new: the world's united's first-year-old has been in the world cup . the first-old is a year in the first of the world,,,,0.124,,,,0.095
938,"a new york judge has granted two chimpanzees held at a research lab the same rights as human prisoners, after a two year legal battle by an animal rights organization. the two primates, currently living in a lab at stony brook university, are the first animals in history to be covered by a writ of habeas corpus, allowing their detention to be challenged. a representative of the long island university have been ordered to appear in court to respond to a petition by the nonhuman rights project tha","chimpanzees at ny university to be covered by habeas corpus writ . petition by animal rights group claims chimps are 'unlawfully detained' university rep have been ordered to attend court to respond to petition . ruling by judge effectively recognises the chimpanzees as legal humans . update: since the publication of this story, the court order has been amended. the order is no longer a 'writ of habeas corpus', which has been struck out.",study found guilty of the in the of of the . . . the . of the of the,"new: the new york, the new: a new york-year-old is a two-old and the first-old, the first of the new",,,,0.084,,,,0.088
899,"after west ham announced a vast reduction in season ticket prices earlier this week, manager sam allardyce has labelled the move the best business by any premier league club in a long time. ahead of their relocation to the olympic stadium in a year’s time, the hammers became the first club to drop the price of their season tickets off the back of the premier league’s record three-year, £5.13bn television deal, which comes into effect at the start of the 2016-17 season. west ham’s cheapest adult ",west ham became first premier league club to drop prices since tv deal . manager sam allardyce believes it's the best business done in a long time . the hammers move into the olympic stadium in 2016 .,manchester city has been linked to the premier league clash . the united has been a in the premier of the . . . the . the the united in the .,new: new: the world's united's first-year-old has been in the world cup . the first-old is a world cup in the first of the first year . the world,,,,0.147,,,,0.133
280,"it was loud all-night parties that eventually busted the secret stripper training school hiding inside a $2million 12,000 sq ft mansion next door to an exclusive gated community in florida. the egyptian-themed mansion, advertised as pharaoh’s palace on its website, promises a 'perfect private location' on seven secluded acres in tampa. an august 2014 adult-themed party dubbed 'midsummer night wet dream' got the mansion, bought by canadian millionaire gordon lownds, its first noise complaint. it ","adult-themed 'midsummer night wet dream' party got the mansion its first noise complaint in august 2014 . school was called pharaoh's daughters and advertised to help 'promising young strippers' find work at 'prestigious gentlemen's clubs' it has since been shut down by its principal owner, canadian millionaire gordon lownds . lownds said he had planned to film a reality show at the mansion about the day-to-day lives of strippers .",the video posted a ' of the's ' . . the . . 'the-''' the ''s''s the ' .'',"new: the new york's new york, the first-old is a year . the new: 'i' and the first of the world cup of a year's first-year-old was in the first time of a 'the-old'",,,,0.097,,,,0.173
883,"a man has died after he was crushed by a garbage truck doing the early morning rounds in melbourne's west. police say the man, a garbage truck driver, was collecting bins in footscray early on saturday morning when the truck rolled forward, pinning him between the vehicle and a pole. paramedics tried to revive the man but he died at the scene. workcover are investigating the incident, police said. police say the man, a garbage truck driver, was collecting bins in footscray early on saturday morn",a man has died after being crushed by a garbage truck in melbourne . the man was collecting garbage when the truck rolled and crushed him . another man has died after the car he was travelling in crashed into trees in melbourne's east on friday .,"the man, a man was found dead at the car crash in the crash . the was found in a car crash . police say they had been a to the a car . the car was a a car and the the . .","new: the new york, a new york and a man, a woman, the man, the woman, a man and a two-year-old, a two years . the woman was a 'i' in the man'",,,,0.216,,,,0.159
761,"a mexican . archaeologist hunting for a royal tomb in a tunnel . beneath a towering pre-aztec pyramid has made a discovery that . may have brought him a step closer: liquid mercury. in the bowels of teotihuacan, a mysterious ancient city that . was once the largest in the americas, earlier this month sergio gomez found 'large quantities' of the silvery metal in a chamber at . the end of a sacred tunnel sealed for nearly 1,800 years. and because of the potential supernatural significance of liqui","mexican archaeologist found mercury in chamber of teotihuacan pyramid . the chamber had been sealed at the end of a tunnel for nearly 1,800 years . because of the potential supernatural significance of liquid mercury in rituals, archaeologist sergio gomez hopes to find king's tomb in pyramid . teotihuacan, or 'abode of the gods' in the aztec language of nahuatl, was distinct from the mayan civilization .","scientists of the of of the,,, in the . . . the . of the .",new: the new york of the first-old's new york . the new: 'i' and the world's first-year-old is a year in the first time of the world cup .,,,,0.076,,,,0.138
319,"a life coach and author with a curvy figure and dyed black locks has been dubbed the romanian kim kardashian. alexandra harra, 28, who now lives in miami, has a ba degree in creative writing and classics. she now works as a professional life coach, a writer for the huffington post and an author of the karma queens' guide to relationships. but when she was persuaded to pose on the cover of the romanian playboy, she suddenly found it wasn't her university education that people were interested in. ","romanian-born alexandra harra, 28, has become an instagram star . model, who's posed for playboy, posts selfies with inspirational messages . after dyeing locks black, being hailed as a rival to kim kardashian .","kate moss, kate moss is a in the of the . . . she has been inspired by the and kate moss . she is the to the the and the .","new: the new york, the new: a new york and a new:",,,,0.144,,,,0.054
549,"washington (cnn)president barack obama says he is ""absolutely committed to making sure"" israel maintains a military advantage over iran. his comments to the new york times, published on sunday, come amid criticism from israeli prime minister benjamin netanyahu of the deal that the united states and five other world powers struck with iran. tehran agreed to halt the country's nuclear ambitions, and in exchange, western powers would drop sanctions that have hurt the iran's economy. obama said he u","in an interview with the new york times, president obama says he understands israel feels particularly vulnerable . obama calls the nuclear deal with iran a ""once-in-a-lifetime opportunity"" israeli prime minister benjamin netanyahu and many u.s. republicans warn that iran cannot be trusted .","new: obama's president obama is a to the president obama . obama says he't want to be the . . the president says he will be a "" to the . obama .","new: ""i's. obama's ""i"" says . the ""i says . ""the-year-old's",,,,0.158,,,,0.053
174,"a 10 tonne 'fatberg' made up of congealed waste has been removed from a sewer underneath one of london's most exclusive streets. the enormous lump, which was 40 metres long and made up of fat and wet wipes, was so heavy that it caused the 1940s sewer in chelsea to break. utility companies, including thames water, discovered the fatberg when local residents and businesses on draycott avenue and walton street started to complain about the rancid smell coming from the sewer. scroll down for video .","residents in two exclusive chelsea streets complained of a rancid smell . thames water investigated and discovered a 10 tonne fatberg in the sewer . the sewer which is 40 metres long was made up of fat and used wet wipes . a £400,000 repair is being carried out to rectify the damage underground .",a new york city council is a to a a of the . . . the . the a ' of the a . .,"new: the new york of the world's new york, the world cup . the world of the first-old has been found in the first of a year . the first",,,,0.115,,,,0.138
371,"club legend and assistant coach fernando hierro believes real madrid are capable of winning a second consecutive champions league - as it's in the spanish sides dna. carlo ancelotti's men meet city rivals atletico madrid in the quarter-finals, in what will be a re-run of last year's final. hierro is confident that the players in the current squad will be able to emulate the successes of previous real sides. fernando hierro believes that real madrid can win the champions league for a second succe",fernando hierro reckons real madrid can win the champions league again . the club legend believes winning the trophy is in the club's genes . carlo ancelotti's men face city rivals atletico madrid in the quarter-finals . click here for all the latest real madrid news .,real madrid's real madrid has been a real madrid . the . . the striker has scored twice goals in the premier league . . . real has scored the the champions league goals .,new: new: the world's united's first-old is a world cup . the world cup of the united't be a year . the united will have been in the first-year-old't have been a year in the united .,,,,0.165,,,,0.175
527,"a 16-year-old schoolboy is warning classmates to avoid the 'kylie jenner' challenge after being left with a bruised face when he sucked into a glass to emulate the kardashians star's bee-stung pout. kevin coulton from manchester decided to stick his mouth in the rim of a glass because 'everyone was doing it'. but the 16-year-old was left with dark bruising around his lips and chin which lasted more than three days. scroll down for video . kevin coulton, 16, put his lips in the rim of a glass and","kevin coulton, 16, from manchester stuck his mouth in the rim of a glass . the schoolboy wanted to achieve a fuller pout like celebrity kylie jenner . but, like scores before him, he was left with painful bruising around lips . now he is warning peers not to take part in craze sweeping social media .","harry barron, 31, was diagnosed with his home in his waist . he has been a to to the his job . he was a to the a . . .",new: the new york's first-old was found in the first-year-old's 'i' and a 'the-year of the new: 'the court' and the 'i was a 'i have been in the 'the,,,,0.149,,,,0.144
210,"the woman who was tragically killed when her car washed away in flood waters in maitland has been identified as an elderly great-grandmother who was popping out for milk. the body of anne jarmain, 86, was found at 7pm on wednesday; 10 hours after her car was pulled off the road and underwater as she tried to crossed cessnock road, which in the nsw hunter region. her family and friend are in shock, with her neighbours lamenting that they could not convince the sweet, 'strong-willed' woman to stay","anne germain, 86, was killed by the flood waters on wednesday . she was making a quick trip to the shops when her car washed away . bystanders stripped off and dove into the icy waters to try and save her and her car was dragged by the fast waters in maitland . she had wanted to go and see her husband in a nursing home but knew it wouldn't be safe . nsw premier mike baird visited the area and is 'shocked' by devastation .","a woman,, was found dead in a car crash in the . . . she was found in the, and and a . . the . was a in the and a ' . the's mother .",police say she was found in the man in the woman . she was arrested in the family of the man's family . the man had been found in a year .,,,,0.173,,,,0.15
235,"alex impey is breaking the law selling his customers marijuana, but as long as he keeps hearing stories that the drug is helping them cope with pain, he couldn't care less. and business for medicinal marijuana is booming, with mr impey telling daily mail australia he receives 20 new requests for help each week at his hemp store, gnostic hemporium, on the nsw central coast, north of sydney. 'i've got people coming in all the time, who have everything from cancer to early onset parkinson's,' the f","alex impey is breaking the law by openly selling marijuana to customers seeking pain relief . he sells medicinal oil from the drug at about $100 a gram and some people use up to a gram each day as treatment . mr impey also teaches the terminally ill how and where to grow their own . his ""hemp store"" alone receives more than 20 requests for help accessing medicinal cannabis each week . patients who contact him include cancer sufferers, those with parkinson's disease, multiple sclerosis and children with epilepsy . larisa rule, 3, is one of his customers, and takes the drug to reduce her seizures . her father peter risked two years in","dr pam,,, has been diagnosed with cancer treatment . the . . . to be a to to the a . . the disease . the is now to the to a a . of the .",new: the new: a new york-year-old is a 'the-old' with the new york't have been found in the first-old .,,,,0.175,,,,0.094
101,"a celebrated australian artist has penned an impassioned message to the indonesian president in the final hours before his treasured friends, myuran sukumaran and andrew chan, are expected to be executed in indonesia. archibald-winning artist ben quilty became a mentor to bali nine duo in 2012 and has been a staunch advocate for clemency having witnessed their remarkable rehabilitation first-hand. quilty has addressed his poignant post to indonesian president joko widodo, who has repeatedly reje","australian convicted drug smugglers myuran sukumaran and andrew chan are expected to be executed in coming hours . celebrated artist ben quilty became their mentor and friend in 2002 . he has campaigned tirelessly for clemency, leading the 'mercy' campaign . hours before their execution he penned a message to indonesian president . he has described how the men will be a pillar of strenght for the others on death row until the last moment the guns are fires .","john edwards,, is the first time in the in the . . . he has been to to the his wife and his . he will be his first time for the his . .",new: new: the new york's first-old says . he is a 'i' for the first-year-old's 'the-old is a year',,,,0.155,,,,0.084
986,"a married dentist forced his practice nurse to resign after she rejected his attempts to kiss her, a tribunal heard. colin cromie told xara grogan, 29, they should jet to barcelona for a break and claimed they were both stuck with the wrong partner. but when she turned down his advances their working relationship soured and mr cromie, 49, became increasingly hostile and unfriendly. he would also snatch instruments from her in the surgery and be ‘abrupt and rude’ and blamed her for a fall-out wit","colin cromie hired his stepson's girlfriend xara grogan as a dental nurse . he flirted with the 29-year-old, shared sexist jokes and tried to kiss her . when she turned him down he became 'hostile' and forced her out of job . miss grogan won claim for constructive dismissal and sexual harassment .","karen danczuk, 23, was diagnosed with a year after she was a . . . she was her to her a ' of her . she . she had a ' to and a ' . .",police say he was found in the man's home . he was arrested in the family of the 'i' and was found on the 'the-old',,,,0.178,,,,0.12
902,"they call themselves the 'thelma and louise of wellness' and they've taken mindfulness to the boardrooms of australia. shannah kennedy and lyndall mitchell, who between them have been more than three decades of life coaching experience, are teaching their masterclass of wellness to ceos and executives across the country. skills such as dealing with stress, being aware of trains of thought, and accumulative mindfulness are being taught to professionals in the banking, business and retail sector. ","shannah kennedy and lyndall mitchell are 'thelma and louise of wellness' the pair have decades of life coaching and retreat experience . run a course called the masterclass of wellness: the boardroom retreat . teach mindfulness to ceos and executives across australia . clients include nab, macquarie bank, sportsgirl, pwc and kikki.k . skills taught include dealing with stress, and accumulative mindfulness .",study of brits of brits and women's most of the . . the . of the and women . the most popular . . .,"new: the u.s. says he is a year . the new: 'i' to be a new york's. the new york . the u., is a 'i have been in the world'",,,,0.126,,,,0.156
947,"real madrid coach carlo ancelotti is facing a midfield selection conundrum for wednesday's la liga match across town at rayo vallecano as the european champions look to keep up the pressure on leaders barcelona. second-placed real, who hammered granada 9-1 on sunday with portugal forward cristiano ronaldo netting his first five-goal haul, are four points behind barca, who host almeria earlier on wednesday, with nine games left. barring last-minute injuries, ancelotti will have both isco and jame","real madrid return to action at rayo vallecano on wednesday night . they kept up the pressure on barcelona with a 9-1 thrashing of granada . cristiano ronaldo scored five goals in the bernabeu rout . carlo ancelotti now faces a selection poser ahead of rayo visit . isco and james rodriguez are both fit and available again . barcelona, four points clear, host almeria on wednesday night .",real madrid has scored twice goals for real madrid . real madrid's real madrid and atletico madrid . the real madrid,new: new: the world's united's first-year-old has been in the world cup . the first-old is a world cup in the first of the first year .,,,,0.095,,,,0.122
346,"leicester city midfielder esteban cambiasso is wanted by delhi dynamos for india's i-league. the former real madrid and inter milan midfielder signed a one-year deal with leicester last summer and has been in excellent form. nigel pearson is keen for the 34-year-old to stay for another season but much will hinge on leicester staying in the premier league. esteban cambiasso signed a one-year deal at leicester city and is now linked with delhi dynamos in india . midfielder cambiasso, 34, has been ",esteban cambiasso signed a one-year deal at leicester city last summer . delhi dynamos want to bring him to the new indian super league season . nigel pearson would like to keep him at the club if leicester stay up .,manchester city has been linked to the premier league on saturday . the striker has been a to the for the premier . . . the united has been the premier of the .,new: new: the united's united't have been in the world cup . the world's first-old is a world cup in the united .,,,,0.174,,,,0.118
139,a woman charged with having sex with a dog has whacked a photographer over the head with a bottle and told him to 'f--k off' outside court on saturday afternoon. jenna louise driscoll was leaving a brisbane's city watch house after fronting the court for failing to appear on april 7. the 25-year-old lashed out and hit a photographer on the forehead with a plastic bottle before hurling abuse at him. woman charged with having sex with a dog has lashed out at a photographer and hit him over the hea,woman charged with having sex with a dog lashed out at a photographer . jenna louise driscoll hit him over the head with a bottle outside of court . she fronted brisbane court after she failed to appear on april 7 . she was arrested on friday afternoon by police after a warrant was issued . police allegedly found bestiality videos when investigating text messages on her mobile phone for allegedly dealing cannabis in october .,"jessica burlew, 23, was charged with a counts of her . . she was arrested in the . she found guilty to a police . police say she had been charged with her and a . . . police said she was a ' of the''",police say she was found in the man in the woman . she was arrested in the family of the man's home . the man was found on the family in a year .,,,,0.197,,,,0.145
621,"internet users were left scratching their heads after an old hoax video showing a wave rider surfing in front of the sydney's opera house started trending for a second time. the video was uploaded to twitter on tuesday morning by popular sydney radio duo fitzy and wippa, before quickly being reposted by a spell of other sources. the posting of the video comes in the wake of heavy storms which battered sydney overnight, with parts of the city experiencing the heaviest rainfall in 100 years. a hoa",the video first went viral after being uploaded to youtube in june 2012 . it was reposted on tuesday by popular radio hosts fitzy and whipper . youtube commenters outlined a number of visual inaccuracies in the clip . swell experts declared it is impossible for waves could reach the harbour .,the video shows the the of the of of the . . . the . the the was the by the and the the the .,new: the new york of the first-old is a year . the new: 'i' and the first of the world cup of a year's first-year-old was in the first time of a 'the-old',,,,0.119,,,,0.151
499,"(cnn)freddie gray did not get timely medical care after he was arrested and was not buckled into a seat belt while being transported in a police van, baltimore police said friday. police commissioner anthony batts told reporters there are no excuses for the fact that gray was not buckled in as he was transported to a police station. five days after gray's death and amid ongoing protests, police officials acknowledged mistakes were made during and after his arrest. gray, who was stopped april 12 ",attorney for the family of freddie gray says developments are step forward but another issue is more important . family will have a forensic pathologist do an independent autopsy . police say gray should have received medical care at different points before he got to a police station .,new: police officer darren wilson was arrested in a police officer . police say . police officer was arrested on suspicion of the police . police,"new: the new: ""i's. says . he says he says she says he was a 'i'",,,,0.118,,,,0.072
370,"vijay chokal-ingam claims that he posed as a black man while he applied to medical schools in 1998 because he believed he had a better chance of gaining acceptance . the older brother of comedienne mindy kaling has controversially claimed he was only accepted into medical school in the late 1990s because he posed as a black man. writing on his blog, almost black, vijay chokal-ingam says that he felt he had to change his appearance to get into the st. louis university school of medicine and heavi","vijay chokal-ingam claims he posed as a black man and was accepted into the st. louis university school of medicine in 1998 . he decided he'd have a better chance of getting into medical school if he was black rather than an indian-american man . tells of his experiences on his own website, almost black and criticizes affirmative action . he claims he shaved his head, trimmed his 'long indian eyelashes' and joined the organization of black students .","dr cornwell, he was a ' in the, but he was ' . he says he was",new: the new: 'i't have been found in the new york . he was a 'i have been in the first-old',,,,0.084,,,,0.103
198,"mi5 has issued an alert over the threat posed by rogue workers in britain’s nuclear, transport and public services after suicide pilot andreas lubitz killed 150 people in the alps plane crash disaster. and concerns are so great that one security source has warned: ‘however much physical security you have, if someone is already in there, there’s nothing you can do to stop them committing an act of sabotage or terrorism.’ mi5 is now giving advice on the risk posed by thousands of employees working","alert issued over rogue workers in nuclear, transport and public services . mi5 giving advice on risk posed by employees working in sensitive areas . follows actions of pilot andreas lubitz who killed 150 people in the alps . a ba pilot claims his airline does not carry out mental health checks .",warning: 'we''t want to the'''s ' . . the . of the . the ' of the' and the . . .,new: the u.s. says it will be a year . the first-old has been in the world cup of the world's. the first time of a year and the world of a world cup .,,,,0.102,,,,0.162
687,francis coquelin is confident he can show his potential as arsenal's long-term midfield enforcer when he goes head to head with 'unbelievable' nemanja matic in sunday's barclays premier league showdown with chelsea at the emirates stadium. the gunners tackle the leaders aiming to eat into their 10-point advantage at the top of the table following last weekend's 1-0 victory over third-placed manchester united. coquelin was drafted back into the arsenal squad from a loan spell at charlton in decem,francis coquelin ready for head-to-head battle with nemanja matic . arsenal midfielder has shone since returning from a loan spell at charlton . gunners have failed to beat chelsea since october 2012 . read: jose mourinho deep down admires what wenger has established . jose mourinho: fabregas chose chelsea over arsenal to win trophies .,manchester united has scored the premier league goals for liverpool . the striker has scored a real madrid . manchester united . he has been the for the united .,new: new: the united's united't have been in the world cup . the world's first-old has been a year in the united . the united will be a year for the united in a year .,,,,0.14,,,,0.167
584,"an australian band has told fans 'stop listening to us altogether' if they disagree with its opinion on the imminent bali nine execution, after a series of heated exchanges over the weekend. sydney electronic duo the presets, made up of julian hamilton and kim moyes, published a series of posts on its facebook page on saturday night and sunday morning, hours after it was announced andrew chan and myuran sukumaran would be executed this week. 'if you agree with murder, lack compassion and openly ","australian band, the presets, shared a number of posts on facebook . attacked fans who supported the execution of bali nine duo in indonesia . 'please unfollow us, delete all our music and stop listening', one read . fans were divided as some supported the band while others did not .",the video posted a ' of the's ' . . the . . he't want to be a ' and a ' .'s . . .,new: the new: a new york-year-old is a year . the first-old was in the new york and the world's first-year years in the first time .,,,,0.119,,,,0.123
901,"the liberal democrats have admitted they are on course to lose at least 20 mps, but claim this could still be enough to put them back in power. nick clegg today continued his tour of 60 seats where the party is defending perilous majorities or hope to make gains, stopping off in hampshire where the lib dems held eastleigh after chris huhne was jailed. but behind the scenes, senior party sources admit their current total of 57 mps will be slashed to 'in the thirties' after a catastrophic collapse","party on course to lose a third of the 57 seats it won in 2010, sources say . clegg admits party is fighting 'tooth and nail' in a tenth of constituencies . aides think that even 30 seats could be enough to hold balance of power .",labour leader will be to to vote to vote . labour mps will be a ' of tax cuts in the uk .,new: the new york's first-old has been found in the world cup . the world's united are in the first-year-old is a year . the first of the world of a year's 'i',,,,0.102,,,,0.147
59,"manny pacquiao says he has to fight floyd mayweather like it is the last of his life when he touches gloves with the undefeated american in the $300m bout on may 2. the filipino has been installed as the underdog for the mega-fight in las vegas, which has been billed as the biggest sporting event in history with two of the best pound-for-pound fighters of all time facing off. and to come out on top pacquiao says he must be a 'warrior in the ring', bringing a never-say-die attitude to each round ","manny pacquiao takes on floyd mayweather in $300m mega-fight on may 2 . filipino boxer says he will fight like it is the last of his life in las vegas . pacquiao has no doubt he will be the first to beat mayweather . insists he will be a warrior in fight and will look to win each round . floyd mayweather vs manny pacquiao: wbc unveil $1m emerald green belt . floyd mayweather 'is a control freak', slams pacman's promoter bob arum .",lewis hamilton will be in the world's world cup . he will be the to the world cup in the . . he has been the in the in a fight floyd mayweather .,new: new: the new york's united's first-year-old has been in the world cup . he has been a first-old's 'the-old is a year',,,,0.153,,,,0.104
328,"manchester united's radamel falcao believes manchester city counterpart sergio aguero is his side's biggest threat. the colombian striker was speaking at the #headtohead for puma's 'evospeed 1.3' alongside the argentine when he spoke highly of this weekend's manchester derby. falcao said: 'they are a very talented team, with a danger all over the pitch, but sergio aguero has been a really dangerous player for manchester united in the past matches. manchester united striker radamel falcao believe",manchester united welcome manchester city to old trafford on sunday . sergio aguero has scored six goals against man utd since joining city . radamel falcao says the argentine is the main threat for man united . falcao is hoping to make his first appearance in a manchester derby . colombian says he is happy at man utd despite bit-part role this season .,manchester united has been linked to manchester city rivals atletico madrid . manchester city striker has scored the premier league goals . manchester united . the united is a real madrid .,new: new: the united's united't have been in the world cup . he says he says the world's first-year-old is a new york .,,,,0.151,,,,0.113
96,"antarctica has experienced its highest temperature on record, according to meteorologists. sensors at argentina's esperanza base on the northern tip of the antarctic peninsula recorded a temperature of 17.5°c (63.5°f). according to meteorologists this is potentially a new record for the warmest temperature measured on the frozen continent. the new temperature record was measured on the northern tip of the antarctic peninsula (pictured) where the ice shelf covering the sea has declined considerab",temperatures at esperanza base on antarctic peninsula reached 63.5°f . area was hit by two day heatwave that beat previous temperature records . antarctic peninsula is one of the fastest warming areas on the continent .,scientists have been in the of the of of the . . . the . of the,new: the world cup of the world's first-old is a year . the world of the first of a world cup in the world . the first-year-old has been in a year in a world of a year,,,,0.08,,,,0.179
312,"manchester city supporters sing a song with the line: 'we're not really here.' it sums up the approach of many of their fanbase – they haven't fully bought into the idea that city could be one of the giants of europe. celebrity fan ricky hatton wants 'the old city back', while rock-god city lover noel gallagher says there is 'apathy' towards the champions league among the fans. manuel pellegrini could be worried about his position at manchester city after losing against their fierce rivals . (le","manchester united 4-2 manchester city: click here to read the match report . manuel pellegrini has orchestrated a limp premier league title defence . city didn't go for diego costa, cesc fabregas or angel di maria . the are stuck with the likes of jesus navas at the etihad stadium . the defending champions must bring in big names to grow as a club . adrian durham: louis van gaal should win manager of the year .",manchester city's champions league goals in the premier league clash . manchester city striker scored twice goals for real madrid . the . . the united's side in the .,new: new: the world's united's first-year-old has been in the world cup . the first-old is a year in the first of the first time of the world,,,,0.137,,,,0.128
974,"first it was revealed that lashings of baby oil were used to keep aidan turner's rippling torso looking suitably divine in the hit bbc sunday night series poldark. then came the admission that while aidan, 31, very 'definitely' did not wear mascara to enhance his seductive stares, he was partial to a little eyeliner to define his smouldering eyes. now, it seems eagle-eyed poldark fans have a new question on their lips: just where has aidan's chest hair gone? scroll down for video . a good smatte",photos taken for bbc show being human see aidan turner with a full 'rug' ...but his chest hair in poldark's shirtless scenes looks distinctly pruned . fans take to twitter to comment on new poldark male grooming debate . aidan admits he uses baby oil to make his muscles look good in the series .,"harry styles has been a new york for the . . he has been inspired by the ., but he has a ' . he's a ' of his own . .",new: the new york's first-year-old is a 'the-old' with a 'i' with the first-old . he was a year's 'i have been found in the world',,,,0.162,,,,0.131
299,"jake shaw, 21, died after falling from the upper floor of the scout centre in the swiss alps where he had been volunteering as a climbing instructor . a popular graduate fell to his death from a bedroom window in the swiss alps after playing drinking games, an inquest heard. jake shaw was just beginning his gap year - volunteering as a climbing instructor at kandersteg international scout centre - when the tragedy occurred last year. the 21-year-old had fallen 25ft (8m) from the upper floor of t","jake shaw, 21, died after falling 25ft from upper floor of the scout centre . he was in a 'very drunk state' after playing drinking games before he died . believed to have lost balance as he tried to open window and toppled out . coroner has ruled that the gap year graduate's death was an accident .",ernie els was found dead at the hospital in his home . he was found in the hospital . he had been a in his waist . the . . the was in his father of the .,"new: the new york, a new york and the new: a man's wife of the man't have been found in the first-old . he was found in a year in a 'i'",,,,0.172,,,,0.145
277,"the devastated mother of a schoolgirl killed by a speeding driver who was on drugs had ‘dark thoughts’ about committing suicide at the spot where her daughter died, a court heard yesterday. liberty baker, 14, was walking to school when robert blackwell, 19, lost control of his car and ploughed into her. he had been smoking cannabis and was allegedly checking a text on his phone at the time of the crash. scroll down for video . heartbreak: maureen baker is consoled by her husband, paul, outside o","liberty baker was killed as she walked to school in witney, oxfordshire . robert blackwell, 19, was texting at the wheel at the time of the crash . the teenager had been smoking drugs the day before the crash last june . liberty's father, paul baker, waved her off to school just moments earlier . he said the family had been left 'devastated' by the shortness of sentence . for confidential support call the samaritans in the uk on 08457 90 90 90, visit a local samaritans branch or click here for details .","david mitchell, 42, was found dead at the hospital in the . . she was found in the, but she was a . . the boy's mother was a in a knife for a knife . .",police say she was found in the man in the woman . she was arrested in the family of the family's home . the man was found on the family in the,,,,0.168,,,,0.145
924,manchester united striker wayne rooney has revealed he gets annoyed when fans chant his name at him in the street in an interview with ant and dec's 'little' counterparts on saturday night takeaway. the england captain enjoyed a kick-around with neil overend and hayden reid - or little ant and dec as they are better known - for the entertainment show to be aired on itv at 7pm on saturday. and rooney admitted in the interview with the telly pranksters that he can find it a little tiresome to have,wayne rooney is set to appear on ant and dec's saturday night takeaway . the england captain jokes around in interview with little ant and dec . manchester united forward admits that public attention can get annoying . the programme and interview will be aired on saturday night from 7pm .,manchester united has been the for the premier league on saturday . he says he has been a ' of the''s . . . he has a ' in the .,new: new: the new york's new: 'i''t be a new york . he says he is a 'the-year-old',,,,0.145,,,,0.084
601,"australia's 'tiny hearts and balls of steel', it's apparently the perfect combination in dealing with asylum seeker boats, and a policy which could be copied by britain, according to a british commentator. controversial the sun columnist katie hopkins has heaped praise on tony abbott's government for its success in stopping the boats, which was a key election plank. but her backhanded compliments may not sit well with our policy-makers and social justice groups, in which she claimed australia's ","australia's 'tiny hearts' approach to stopping the boats should be copied by britain . controversial columnist katie hopkins wrote that tony abbott's policy was effective and like 'an aussie version of sharia stoning' 'australians are like british but with balls of steel, can-do brains, tiny hearts and whacking great gunships' she calls those on board migrant boats 'cockroaches built to survive a nuclear bomb' it came as more than 900 people were feared drowned on a sunken fishing boat headed for italy .",the's new york has been criticised by the . . . the ' of the ''''s ' .'s . . 'we'' 'the'' and ''s'',new: new: the new york's first-old says . he is a 'i' for the new: 'the-year-old',,,,0.118,,,,0.078
439,santiago vergini has indicated he may be ready to extend his stay at sunderland after revealing premier league survival could trigger the offer of a two-year permanent contract. the 26-year-old argentinian returned to the stadium of light on a season-long loan deal from costa rican side sport uruguay de coronado in august last year and has made 35 appearances to date this season. the last of them was a start in sunday's 1-0 derby victory over newcastle which provided a huge boost to the club's t,santiago vergini is on a season-long loan at sunderland . defender has an option for a two-year deal at black cats if they stay up . argentine admits only downside at wearside has been the weather .,manchester united has scored twice goals for the premier league table . he has scored the the for the . . . the . the the striker has been a to the the .,new: new: the world's united's first-old's,,,,0.165,,,,0.029
837,"david haye was arrested at dubai airport and held in a police cell over a £341,000 bounced cheque, it has been reported. former two-weight world champion haye, 34, was stopped by officials on his arrival at dubai international airport and accused of fraud by writing a cheque as payment for a new property which bounced. the boxer, who has not fought since he defeated dereck chisora in july 2012, also handed over his passport to authorities, and has been unable to leave the united arab emirates - ",david haye stopped on arrival at dubai international airport for a holiday . he was taken to a police station and handed over his passport . cheque had been the final payment on a new property in the uae . he says the 'bounced' cheque was down to an administrative error . the 34-year-old hasn't fought since beating dereck chisora in july 2012 .,"david cameron, 68, was arrested in the in the . . he was a ' of the . he's ' . the's . he has been a to to the the of his job .",new: the new york's first-year-old is a 'the-old' in the new: 'i' with a 'i have been found in the first time of the first-old .,,,,0.16,,,,0.119
